url,width,height
https://partson.shop/product/tros-zcheplennya-z-rehul-scudo-expert-jumpy-4501642,60,60
https://partson.shop/product/saylenblok-zadn-balky-jumpy-iii-bc0924,60,56
https://partson.shop/product/prokladka-vypusknoho-kolektora-vag-volvo-72-mg6315,155,83
https://partson.shop/product/likhtar-zadniy-pravyy-berlingo-96-5521922rue,184,300
https://partson.shop/product/tros-ruchnoho-halma-golf-ii-1-0-1-8-83-ad550214,200,150
https://partson.shop/product/filtr-povitryanyy-kangoo-megane-15-af1905,200,121
https://partson.shop/product/saylentblok-zadnoho-vazhelya-vectra-b-95-jbu257,212,199
https://partson.shop/product/tros-ruchnoho-halma-zadn-prav-w123-ad270207,244,175
https://partson.shop/product/filtr-maslyanyy-mercedes-124-96-a210076,246,396
https://partson.shop/product/elektrychnyy-palyvnyy-nasos-mam00006,248,400
https://partson.shop/product/tros-ruchnoho-halma-zadn-liv-w123-ad270206,259,194
https://partson.shop/product/elektrychnyy-palyvnyy-nasos-mam00031,263,400
https://partson.shop/product/palyvnyy-filtr-bez-datchyka-kangoo-clio-01-rf0709,283,400
https://partson.shop/product/likhtar-zadniy-pravyy-sprinter-95-4401927rue,288,600
https://partson.shop/product/likhtar-zadniy-livyy-sprinter-95-4401927lue,295,600
https://partson.shop/product/tros-spidometra-golf-jetta-83-ad551525,300,200
https://partson.shop/product/tros-zcheplennya-corsa-b-ad330154,300,200
https://partson.shop/product/likhtar-zadnoho-khodu-pravyy-t1-77-0195lp,300,200
https://partson.shop/product/opornyy-pidshypnyk-berlingo-79-m25901,300,200
https://partson.shop/product/rulova-tyaha-passat-superb-94-jar924,300,200
https://partson.shop/product/podushka-amortyzatora-peredn-a169-12-lmi35501,300,206
https://partson.shop/product/tros-hazu-golf-passat-d-td-89-1170102000,300,225
https://partson.shop/product/tros-zcheplennya-passat-88-ad5501542,300,225
https://partson.shop/product/saylentblok-perednoho-vazhelya-sorento-santa-fe-05-fe41511,300,300
https://partson.shop/product/hazova-pruzhyna-kryshky-bahazhnyka-golf-iii-91-kr21293,300,225
https://partson.shop/product/tros-ruchn-halm-liv-audi-80-barab-ad030213,310,310
https://partson.shop/product/filtr-povitryanyy-scudo-expert-1-6d-04-wa9470,314,396
https://partson.shop/product/dysk-halmivnyy-peredniy-a6-c4-90-230263,320,213
https://partson.shop/product/sharova-opora-vivaro-trafic-01-lmi30773,338,400
https://partson.shop/product/rolyk-z-natyahuvachem-a4-a6-fabia-1-9-2-0tdi-99-534016410,339,400
https://partson.shop/product/filtr-salonu-passat-b3-b4-88-s3049c,350,263
https://partson.shop/product/palyvnyy-filtr-vag-renault-ford-75-ep90c,354,354
https://partson.shop/product/filtr-maslyannyy-fiat-opel-alfa-romeo-l387,354,354
https://partson.shop/product/maslyanyy-filtr-astra-combo-91-ls370,354,354
https://partson.shop/product/filtr-maslyanyy-golf-passat-01-l353,354,354
https://partson.shop/product/sharnir-pryvodnoho-valu-zovnishniy-omega-b-94-vkja3060,358,400
https://partson.shop/product/s-blok-peredn-vazhelya-megane-02-scenic-03-vkds336000,358,400
https://partson.shop/product/filtr-salonu-berlingo-partner-84-5070006,360,360
https://partson.shop/product/likhtar-syhnalu-povorotu-perednoho-livoho-zhovtyy-t4-90-3953006,360,360
https://partson.shop/product/komplekt-halmivnykh-kolodok-pered-t5-03-3698015,360,360
https://partson.shop/product/komplekt-halmivnykh-kolodok-pered-logan-duster-01-5040151,360,360
https://partson.shop/product/nasos-okholodzhuyuchoyi-ridyny-doblo-03-5080112,360,360
https://partson.shop/product/sharnir-pryvodnoho-valu-zovnishniy-logan-megane-93-5010015,360,360
https://partson.shop/product/ruchka-vidkryvannya-kapotu-caddy-iii-t5-03-3823009,360,360
https://partson.shop/product/ruchka-dverey-rozsuvnykh-dverey-t4-03-3843025,360,360
https://partson.shop/product/likhtar-syhnalu-povorotu-perednoho-pravoho-zhovtyy-t4-90-3953007,360,360
https://partson.shop/product/likhtar-zadniy-pravyy-berlingo-partner-96-5521909rue,368,600
https://partson.shop/product/likhtar-zadniy-livyy-berlingo-partner-96-5521909lue,379,600
https://partson.shop/product/patrubok-povitryanoho-filtra-almera-classic-b10-aahni1011,380,287
https://partson.shop/product/likhtar-zadniy-livyy-caddy-04-m611541,390,600
https://partson.shop/product/amortyzator-peredniy-livyy-astra-h-04-dsb115g,395,268
https://partson.shop/product/komplekt-hrm-vivaro-clio-espace-99-ktb899,399,399
https://partson.shop/product/k-t-halmivnykh-kolodok-pered-lanos-97-lp1390,400,300
https://partson.shop/product/amortyzator-bahazhnyka-kadett-e-91-khetchbek-1281200500,400,400
https://partson.shop/product/maslyanyy-filtr-lt-97-1118505600,400,400
https://partson.shop/product/prokladka-maslyanoho-piddonu-passat-72-1119401101,400,400
https://partson.shop/product/komplekt-halmivnykh-kolodok-pered-peugeot-07-rm1010,400,300
https://partson.shop/product/tros-spidometra-golf-i-golf-ii-jetta-ii-1-0-1-8-08-83-1170600700,400,400
https://partson.shop/product/flanets-okholodzhuyuchoyi-ridyny-vag-99-1114450500,400,400
https://partson.shop/product/tros-stoyanochnoho-halma-zad-t5-03-1170306300,400,400
https://partson.shop/product/tros-zamka-kapota-golf-jetta-toledo-82-1170700200,400,400
https://partson.shop/product/vymykach-stop-syhnaliv-audi-a4-passat-95-1196602300,400,400
https://partson.shop/product/palyvnyy-filtr-opel-vw-renault-4110,400,400
https://partson.shop/product/rozshyryuvalnyy-bachok-fabia-i-99-1114701200,400,400
https://partson.shop/product/komplekt-pidshypnyka-stupytsi-zadniy-octavia-03-29skv006,400,266
https://partson.shop/product/rulova-tyaha-movano-master-97-d180052,400,118
https://partson.shop/product/komplekt-halmivnykh-kolodok-pered-bmw-1-3-5-03-1463601110,400,400
https://partson.shop/product/komplekt-halmivnykh-kolodok-zad-qashqai-01-4063700610,400,400
https://partson.shop/product/tros-hazu-golf-passat-74-1170100400,400,400
https://partson.shop/product/tros-halma-passat-88-1170300200,400,400
https://partson.shop/product/tros-ruchnoho-halma-zad-octavia-96-1170302000,400,400
https://partson.shop/product/tros-halma-t4-90-1170306100,400,400
https://partson.shop/product/patrubok-radiatora-verkhniy-vw-t5-2-5tdi-03-1114313800,400,400
https://partson.shop/product/klapan-palyvnoho-filtra-vag-94-1116003500,400,400
https://partson.shop/product/vazhil-pidvisky-peredniy-liv-nyzhn-scudo-jumpy-9050237,400,267
https://partson.shop/product/sharnir-pryvodnoho-valu-zovnishniy-master-95-6012,400,267
https://partson.shop/product/stiyka-stabilizatora-pered-posylena-caddy-04-d140216hd,400,267
https://partson.shop/product/flanets-okholodzhuyuchoyi-ridyny-vag-78-1114500600,400,400
https://partson.shop/product/matochyna-zadnoho-kolesa-clio-logan-98-30247,400,400
https://partson.shop/product/komplekt-halmivnykh-kolodok-pered-golf-caddy-19-1163614100,400,400
https://partson.shop/product/prokladka-vpusknoho-kolektora-vag-95-1119603400,400,400
https://partson.shop/product/prokladka-kryshky-klapana-astra-00-ep2100914,400,400
https://partson.shop/product/tros-hazu-vw-golf-ii-passat-b3-b4-1-1-1-8-74-1170100200,400,400
https://partson.shop/product/sharova-opora-berlingo-96-jbj707,406,400
https://partson.shop/product/podushka-amortyzatora-pered-golf-passat-72-kb65700,411,336
https://partson.shop/product/tyaha-stabilizatora-peredn-fabia-caddy-86-260124,413,1400
https://partson.shop/product/rulovyy-nakonechnyk-livyy-corsa-d-punto-05-f482,420,280
https://partson.shop/product/rulovyy-nakonechnyk-pravyy-corsa-d-punto-05-f481,420,280
https://partson.shop/product/stiyka-stabilizatora-perednya-megane-08-r670t,420,280
https://partson.shop/product/sharova-opora-prava-fabia-polo-cordoba-99-sk405k,420,280
https://partson.shop/product/sharova-opora-liva-fabia-polo-cordoba-99-sk406k,420,280
https://partson.shop/product/stiyka-stabilizatora-pered-kangoo-99-r520,420,280
https://partson.shop/product/nakonechnyk-rulovoyi-tyahy-livyy-megan-scenic-02-r582,420,280
https://partson.shop/product/stiyka-stabilizatora-pered-doblo-10-f676,420,280
https://partson.shop/product/rulovyy-nakonechnyk-pravyy-berlingo-partner-05-p661,420,280
https://partson.shop/product/rulovyy-nakonechnyk-livyy-berlingo-partner-05-p662,420,280
https://partson.shop/product/tyaha-rulova-liv-prav-megane-scenic-04-r583,420,280
https://partson.shop/product/stiyka-stabilizatora-pered-vectra-b-combo-95-o411t,420,280
https://partson.shop/product/tyaha-stabilizatora-peredn-fabia-caddy-86-sk407,420,280
https://partson.shop/product/rulovyy-nakonechnyk-livyy-kangoo-megane-95-r732,420,280
https://partson.shop/product/rulovyy-nakonechnyk-pravyy-kango-megan-95-r731,420,280
https://partson.shop/product/sharova-opora-prava-polo-fabia-toledo-99-sk424k,420,280
https://partson.shop/product/tyaha-stabilizatora-pered-lancer-outlander-99-mi470,420,280
https://partson.shop/product/vazhil-pidvisky-per-pravyy-scenic-megane-02-r548,420,280
https://partson.shop/product/vazhil-pidvisky-per-pravyy-scenic-megane-02-r587,420,280
https://partson.shop/product/stiyka-stabilizatora-pered-focus-ii-03-fo468,420,280
https://partson.shop/product/stiyka-stabilizatora-pered-fiesta-fusion-01-fo244,420,280
https://partson.shop/product/rulova-tyaha-rezzo-tacuma-00-ch403,420,280
https://partson.shop/product/rulovyy-nakonechnyk-pravyy-rezzo-tacuma-00-ch401,420,280
https://partson.shop/product/rulovyy-nakonechnyk-livyy-rezzo-tacuma-00-ch402,420,280
https://partson.shop/product/vazhil-pidvisky-liv-nyzhn-pered-berlingo-96-mgz103007,427,400
https://partson.shop/product/podushka-amortyzatora-pered-vivaro-trafic-01-kb65511,448,243
https://partson.shop/product/podushka-amortyzatora-zadnya-golf-jetta-03-kb95707,448,243
https://partson.shop/product/tros-zcheplennya-vectra-a-1-8-2-0-calibra-89-ad330143,450,450
https://partson.shop/product/komplekt-provodiv-zapalyuvannya-sandero-logan-1-4-1-6-04-30363,450,305
https://partson.shop/product/rozshyryuvalnyy-bachok-octavia-03-1331zb1,460,327
https://partson.shop/product/kulova-opora-frontera-a-83-jbj275,468,351
https://partson.shop/product/prokladka-termostata-vw-audi-01044300,475,399
https://partson.shop/product/vizok-rozsuvnykh-dverey-verkh-prav-sprinter-06-60975017,479,480
https://partson.shop/product/prokladka-kryshky-klapana-focus-fiesta-95-rc882s,480,360
https://partson.shop/product/dysk-halmivnyy-peredniy-lanos-astra-84-fe05179,480,400
https://partson.shop/product/prokladka-klapannoyi-kryshky-plastyk-ford-volvo-00-rc1079s,480,360
https://partson.shop/product/tros-zcheplennya-omega-1-8-2-0-86-87-ad330135,500,400
https://partson.shop/product/podushka-stabilizatora-sprinter-t1-77-bc13021,500,414
https://partson.shop/product/vtulka-amortyzatora-sprinter-lt-zad-verkh-nyz-bc1304,500,337
https://partson.shop/product/saylentblok-perednoho-vazhelya-golf-passat-octavia-03-bc0220,500,473
https://partson.shop/product/vtulka-amortyzatora-zadnoho-verkh-vw-t4-91-bc0202,500,455
https://partson.shop/product/podushka-stabilizatora-pered-fabia-99-bc0222,500,456
https://partson.shop/product/vtulka-amortyzatora-zadnoho-verkh-vw-t5-03-bc0264,500,468
https://partson.shop/product/vtulka-amortyzatora-zad-nyz-trafic-01-bc1107,500,471
https://partson.shop/product/vtulka-amortyzatora-zad-verkh-trafic-01-bc1106,500,498
https://partson.shop/product/podushka-dvyhuna-perednya-berlingo-partner-95-fe18746,509,600
https://partson.shop/product/prokladka-maslyanoho-piddonu-escort-fiesta-94-ok6380,510,307
https://partson.shop/product/amortyzator-zadniy-golf-passat-70-105739,515,400
https://partson.shop/product/datchyk-temperatury-vkhidnoho-povitrya-fabia-felicia-92-fae15038,516,300
https://partson.shop/product/holovnyy-tsylindr-zcheplennya-octavia-caddy-98-505076,519,265
https://partson.shop/product/lampa-syhnalu-povorotu-perednoho-prava-transit-86-4311516rwe,528,520
https://partson.shop/product/rulovyy-nakonechnyk-pravyy-audi-100-a6-76-lmi10073,528,400
https://partson.shop/product/rulovyy-nakonechnyk-livyy-audi-100-a6-76-lmi10074,528,400
https://partson.shop/product/lampa-syhnalu-povorotu-perednoho-liva-transit-86-4311516lwe,534,520
https://partson.shop/product/prokladka-kryshky-klapana-mazda-626-ford-ranger-84-n43006,543,228
https://partson.shop/product/podushka-peredn-vectra-c-signum-fiat-croma-saab-10150490,543,400
https://partson.shop/product/filtr-palyvnyy-lacetti-lanos-matiz-97-rf0768nc,547,600
https://partson.shop/product/lampa-syhnalu-povorotu-perednoho-liva-scudo-expert-94-6611518lue,550,550
https://partson.shop/product/lampa-syhnalu-povorotu-perednoho-prava-scudo-jumper-94-6611518rue,550,550
https://partson.shop/product/filtr-salonu-passat-b3-b4-88-698160,551,373
https://partson.shop/product/filtr-povitryanyy-ducato-boxer-92-af0126,568,1061
https://partson.shop/product/vazhil-pidvisky-per-pravyy-golf-iv-96-vkds321103b,576,330
https://partson.shop/product/tros-stoyanochnoho-halma-zadn-liv-opel-ascona-c-vectra-a-95-ad330234,582,400
https://partson.shop/product/halmivnyy-shlanh-peredniy-master-movano-97-4112011,587,247
https://partson.shop/product/nasos-okholodzhuyuchoyi-ridyny-corsa-astra-96-pa7211,589,389
https://partson.shop/product/nasos-okholodzhuyuchoyi-ridyny-astra-zafira-93-pa7204,589,389
https://partson.shop/product/filtr-maslyanyy-opel-85-benzyn-0451103079,589,625
https://partson.shop/product/prokladka-maslyanoho-piddona-audi-a4-passat-b5-94-op0363,591,394
https://partson.shop/product/tros-akseleratora-ad550363,594,480
https://partson.shop/product/komplekt-halmivnykh-kolodok-zad-opel-renault-ford-084270,594,254
https://partson.shop/product/lampa-syhnalu-povorotu-perednoho-prav-transit-91-4311517rue,599,600
https://partson.shop/product/komplekt-hrm-golf-00-530009110,599,397
https://partson.shop/product/prokladka-klappanoyi-kryshky-mercedes-124-85-el566943,599,356
https://partson.shop/product/vymykach-svitla-halma-caddy-golf-84-1810080,599,399
